user_id,gender,birth_year,adults_at_home,kids_at_home,pet,province,age_group,total_tickets,preferred_retailer,preferred_payment_method,total_spent
105114,Femenino,1987.0,2,0,Ninguno,Madrid,25-39,2,Alcampo,TAR,61.04
109649,Femenino,1962.0,3,0,Gato,Madrid,55-75,13,Carrefour,TAR,801.9
113549,Femenino,1979.0,2,0,Ninguno,Madrid,40-54,1,Ahorramas,EFE,37.94
114263,No Binario,2017.0,1,0,Ninguno,Madrid,Otros,1,Alcampo,TAR,11.25
115683,No Binario,1960.0,2,0,Ninguno,Madrid,55-75,142,Lidl,EFE,621.3
118268,No Binario,2017.0,1,0,Perro,Madrid,Otros,1,Alcampo,TAR,8.219999999999999
118378,No Binario,1986.0,3,3,Perro,Madrid,25-39,1,Eroski City,EFE,7.47
121816,No Binario,1988.0,2,0,Ninguno,Madrid,25-39,1,Ahorramas,TAR,4.47
137231,Femenino,,2,0,Ninguno,Madrid,Otros,3,Carrefour,TAR,54.18
140006,Femenino,1987.0,1,0,Ninguno,Madrid,25-39,3,Carrefour,TAR,30.84
142300,Femenino,1970.0,2,0,Ninguno,Madrid,40-54,5,Alcampo,TAR,83.48
142410,No Binario,1970.0,2,0,Perro,Madrid,40-54,1,Ahorramas,EFE,119.78999999999999
148439,Femenino,1973.0,2,0,Ninguno,Madrid,40-54,6,Ahorramas,TAR,51.72
149716,No Binario,1984.0,2,2,Ninguno,Madrid,25-39,6,Mercadona,TAR,169.24
151638,Femenino,1976.0,1,0,Ninguno,Madrid,40-54,26,El Corte Ingles,TAR,458.48
154778,Femenino,1953.0,4,0,Perro,Madrid,55-75,8,Alcampo,DES,50.730000000000004
156098,No Binario,1958.0,4,0,Perro,Madrid,55-75,7,Alcampo,DES,49.95
157921,Femenino,1990.0,4,0,Ninguno,Madrid,25-39,1,Carrefour,TAR,3.19
162236,Masculino,1970.0,2,1,Ninguno,Madrid,40-54,9,Dia,TAR,68.71
162849,Femenino,1976.0,1,0,Ninguno,Madrid,40-54,2,Lidl,TAR,72.97
165588,No Binario,1981.0,2,0,Ninguno,Madrid,40-54,1,Alcampo,TAR,114.35
165614,Femenino,1990.0,2,0,Otros,Madrid,25-39,2,Lidl,TAR,50.67
165881,Femenino,2017.0,2,2,Ninguno,Madrid,Otros,9,Carrefour,TAR,234.92000000000002
166498,No Binario,1980.0,1,0,Ninguno,Madrid,40-54,25,Ahorramas,TAR,213.26
171099,Masculino,2017.0,3,0,Perro,Madrid,Otros,2,Ahorramas,TAR,13.38
171384,Femenino,1994.0,2,1,Ninguno,Madrid,25-39,1,Carrefour,TAR,4.25
172689,Femenino,1971.0,1,0,Ninguno,Madrid,40-54,10,Lidl,EFE,245.97
176770,Femenino,1988.0,2,0,Gato,Madrid,25-39,1,Dia,TAR,31.150000000000002
180390,No Binario,1985.0,2,0,Perro,Madrid,25-39,9,Alcampo,DES,68.85000000000001
186373,No Binario,1965.0,2,3,Ninguno,Madrid,55-75,2,Carrefour,TAR,43.43
186648,No Binario,1972.0,2,0,Ninguno,Madrid,40-54,7,Mercadona,TAR,157.8
186892,No Binario,1989.0,2,1,Perro,Madrid,25-39,1,Dia,TAR,1.29
187542,No Binario,1978.0,1,0,Ninguno,Madrid,40-54,11,Carrefour,EFE,155.26
188590,No Binario,1990.0,1,0,Gato,Madrid,25-39,6,Lidl,EFE,185.78
190823,No Binario,1985.0,2,0,Otros,Madrid,25-39,6,Supercor,TAR,117.68
192164,No Binario,2017.0,2,0,Otros,Madrid,Otros,13,Alcampo,EFE,163.11
200173,Femenino,1973.0,3,0,Ninguno,Madrid,40-54,24,Supercor,EFE,189.38
201321,No Binario,1979.0,1,0,Ninguno,Madrid,40-54,3,Dia,TAR,38.95
201695,Femenino,1986.0,1,0,Gato,Madrid,25-39,3,Carrefour,TAR,21.299999999999997
203984,No Binario,1958.0,2,0,Ninguno,Madrid,55-75,1,Supeco,TAR,10.280000000000001
207503,No Binario,1999.0,4,0,Perro,Madrid,15-24,1,Unide Market,TAR,6.83
208950,Femenino,1986.0,4,0,Ninguno,Madrid,25-39,9,El Corte Ingles,TAR,72.28
212922,Femenino,1972.0,2,1,Ninguno,Madrid,40-54,4,El Corte Ingles,TAR,107.24
215050,No Binario,1984.0,4,0,Perro,Madrid,25-39,5,Carrefour,TAR,50.019999999999996
217378,No Binario,1983.0,2,0,Perro,Madrid,25-39,2,Ahorramas,TAR,56.07
231777,No Binario,1990.0,2,0,Ninguno,Madrid,25-39,2,Dia,TAR,31.419999999999998
232124,No Binario,1987.0,2,0,Ninguno,Madrid,25-39,3,Mercadona,TAR,80.13
237587,Femenino,1982.0,2,0,Ninguno,Madrid,40-54,1,Alcampo,TAR,4.28
238740,No Binario,1983.0,2,0,Ninguno,Madrid,25-39,1,Carrefour,EFE,4.8
242603,No Binario,1970.0,2,2,Ninguno,Madrid,40-54,6,Mercadona,TAR,388.35
243451,No Binario,1994.0,4,0,Ninguno,Madrid,25-39,1,Hipercor,TAR,1.2
252436,Femenino,1983.0,2,0,Gato,Madrid,25-39,1,Lidl,TAR,27.06
255374,Femenino,1995.0,1,0,Ninguno,Madrid,25-39,1,El Corte Ingles,TAR,6.07
258129,Femenino,1987.0,2,1,Ninguno,Madrid,25-39,5,Alcampo,TAR,34.1
268272,Femenino,1986.0,2,0,Ninguno,Madrid,25-39,11,Alcampo,TAR,138.02
275605,Masculino,1973.0,3,1,Ninguno,Madrid,40-54,122,Lidl,EFE,1089.12
282005,No Binario,1988.0,5,3,Gato,Madrid,25-39,15,Lidl,TAR,190.19
283232,No Binario,1982.0,1,2,Gato,Madrid,40-54,16,Carrefour,TAR,452.84
283848,No Binario,1965.0,2,1,Ninguno,Madrid,55-75,1,Supercor,TAR,220.69
286036,No Binario,1990.0,2,0,Gato,Madrid,25-39,6,Mercadona,TAR,28.740000000000002
286777,Femenino,1979.0,1,0,Ninguno,Madrid,40-54,1,Lidl,TAR,4.92
288733,No Binario,1976.0,2,2,Gato,Madrid,40-54,1,Alcampo,TAR,21.630000000000003
292713,Femenino,1958.0,6,2,Gato,Madrid,55-75,8,Carrefour,EFE,131.24
293075,No Binario,1957.0,6,3,Perro,Madrid,55-75,11,Carrefour,EFE,135.7
298340,Femenino,1980.0,2,0,Ninguno,Madrid,40-54,5,Alcampo,TAR,82.59
298915,Femenino,1960.0,2,0,Ninguno,Madrid,55-75,9,Alcampo,TAR,73.9
299937,No Binario,1990.0,3,0,Ninguno,Madrid,25-39,11,Alcampo,TAR,196.35
309543,Masculino,1992.0,2,0,Perro,Madrid,25-39,3,Mercadona,TAR,85.0
314185,No Binario,1979.0,3,0,Ninguno,Madrid,40-54,7,Lidl,TAR,81.32
318159,No Binario,1992.0,1,0,Ninguno,Madrid,25-39,5,Lidl,TAR,52.800000000000004
319418,No Binario,1994.0,2,2,Perro,Madrid,25-39,8,Mercadona,EFE,192.02
321706,No Binario,1982.0,3,1,Ninguno,Madrid,40-54,1,Alcampo,TAR,1.6
323239,Masculino,1988.0,2,0,Otros,Madrid,25-39,5,Lidl,EFE,47.37
338891,Femenino,1978.0,1,0,Ninguno,Madrid,40-54,4,Carrefour,TAR,47.02
349589,No Binario,1988.0,4,0,Ninguno,Madrid,25-39,1,Carrefour Express,TAR,6.93
350094,Masculino,1995.0,2,0,Ninguno,Madrid,25-39,3,Dia,TAR,31.779999999999998
356816,No Binario,1980.0,2,2,Ninguno,Madrid,40-54,1,Mercadona,TAR,14.61
357289,No Binario,1982.0,3,0,Gato,Madrid,40-54,7,El Corte Ingles,TAR,47.16
357291,Femenino,1972.0,2,2,Ninguno,Madrid,40-54,39,Lidl,EFE,693.37
357533,No Binario,1986.0,2,0,Ninguno,Madrid,25-39,1,Carrefour,TAR,116.48
361620,Femenino,1983.0,2,2,Ninguno,Madrid,25-39,1,Carrefour,TAR,8.5
363694,Femenino,1972.0,1,0,Ninguno,Madrid,40-54,4,Mercadona,TAR,81.27
364694,Femenino,1985.0,5,2,Gato,Madrid,25-39,3,Carrefour,TAR,20.18
376303,Femenino,1980.0,1,0,Ninguno,Madrid,40-54,1,Mercadona,TAR,29.29
377011,No Binario,2001.0,5,0,Ninguno,Madrid,15-24,1,Alcampo,DES,4.87
379361,Masculino,1983.0,2,1,Ninguno,Madrid,25-39,2,Consum,DES,62.52
381929,Femenino,1974.0,1,0,Ninguno,Madrid,40-54,5,El Corte Ingles,TAR,142.34
392150,Femenino,1970.0,2,0,Perro,Madrid,40-54,1,Lidl,TAR,35.51
414277,No Binario,1969.0,3,0,Ninguno,Madrid,40-54,3,Carrefour,EFE,40.599999999999994
417965,No Binario,1991.0,2,0,Gato,Madrid,25-39,6,Lidl,TAR,203.51
431004,Masculino,1992.0,2,0,Perro,Madrid,25-39,1,Carrefour,EFE,38.2
458686,Femenino,1984.0,2,0,Gato,Madrid,25-39,16,Alcampo,TAR,131.64000000000001
460641,No Binario,1981.0,3,1,Otros,Madrid,40-54,8,Lidl,EFE,139.38
477876,Masculino,1978.0,1,0,Ninguno,Madrid,40-54,5,Carrefour Express,TAR,43.06
483123,Femenino,1977.0,2,0,Gato,Madrid,40-54,6,Ahorramas,TAR,51.44
508394,No Binario,1966.0,2,0,Ninguno,Madrid,55-75,2,Mercadona,TAR,88.10000000000001
508551,Masculino,1979.0,2,1,Otros,Madrid,40-54,1,Ahorramas,TAR,28.07
511228,Femenino,1970.0,2,2,Ninguno,Madrid,40-54,3,Alcampo,TAR,49.87
511738,Masculino,1974.0,2,2,Ninguno,Madrid,40-54,2,Dia,EFE,65.77
516713,Femenino,1991.0,4,0,Ninguno,Madrid,25-39,1,Lidl,EFE,11.85
544744,No Binario,1963.0,2,0,Perro,Madrid,55-75,1,Lidl,TAR,2.9
566066,No Binario,1993.0,3,0,Ninguno,Madrid,25-39,2,Carrefour,TAR,77.41
582472,Masculino,1966.0,1,0,Ninguno,Madrid,55-75,2,Mercadona,EFE,175.21
628123,Masculino,1990.0,4,1,Ninguno,Madrid,25-39,1,El Corte Ingles,TAR,14.76
629579,No Binario,1967.0,3,0,Ninguno,Madrid,55-75,2,Carrefour,EFE,31.03
638399,Femenino,1992.0,1,0,Ninguno,Madrid,25-39,12,Carrefour,TAR,120.53999999999999
643727,No Binario,1960.0,4,1,Perro,Madrid,55-75,18,Lidl,EFE,193.65
684825,Masculino,1990.0,4,0,Ninguno,Madrid,25-39,4,Mi Alcampo,EFE,42.03
687352,No Binario,1992.0,2,0,Ninguno,Madrid,25-39,4,Mercadona,TAR,109.49
695439,Femenino,1989.0,1,0,Gato,Madrid,25-39,4,Bm,TAR,159.81
696483,Femenino,1986.0,0,0,Ninguno,Madrid,25-39,1,Mercadona,TAR,45.95
710918,Masculino,1997.0,2,0,Ninguno,Madrid,25-39,6,El Corte Ingles,EFE,97.37
754595,Femenino,1996.0,2,0,Ninguno,Madrid,25-39,3,Dia,TAR,37.49
759151,Masculino,1990.0,2,0,Gato,Madrid,25-39,5,Carrefour,TAR,74.44
768819,No Binario,1998.0,1,0,Ninguno,Madrid,15-24,4,Lidl,TAR,45.26
803042,No Binario,1979.0,2,2,Ninguno,Madrid,40-54,1,Carrefour Express,EFE,5.34
831701,No Binario,1998.0,2,0,Ninguno,Madrid,15-24,3,Mercadona,EFE,91.54
848610,Femenino,1989.0,2,0,Ninguno,Madrid,25-39,32,Lidl,TAR,246.72
863647,Masculino,1997.0,3,0,Ninguno,Madrid,25-39,1,Mercadona,TAR,23.89
864344,No Binario,1992.0,2,0,Ninguno,Madrid,25-39,1,Lidl,TAR,4.55
873117,No Binario,1988.0,1,0,Ninguno,Madrid,25-39,9,Lidl,TAR,466.61
873333,Femenino,1984.0,2,0,Ninguno,Madrid,25-39,1,Lidl,EFE,43.9
875968,No Binario,1984.0,2,2,Ninguno,Madrid,25-39,1,Alcampo,TAR,20.88
879168,Femenino,1986.0,2,0,Gato,Madrid,25-39,17,Alcampo,TAR,309.59000000000003
883140,No Binario,1986.0,2,1,Ninguno,Madrid,25-39,3,Ahorramas,TAR,6.75
886680,No Binario,1986.0,2,0,Perro,Madrid,25-39,1,Alcampo,TAR,18.14
887814,No Binario,1984.0,2,0,Ninguno,Madrid,25-39,1,El Corte Ingles,TAR,8.5
890399,Masculino,1976.0,2,1,Gato,Madrid,40-54,1,Ahorramas,TAR,29.8
893061,Femenino,1986.0,2,0,Perro,Madrid,25-39,18,Alcampo,DES,173.12
908850,No Binario,1997.0,1,0,Gato,Madrid,25-39,4,Mercadona,EFE,40.82
909345,Masculino,1940.0,2,0,Ninguno,Madrid,Otros,11,Carrefour,EFE,117.42999999999999
910844,No Binario,1984.0,2,1,Perro,Madrid,25-39,2,Mercadona,TAR,109.16
915395,No Binario,1993.0,1,0,Ninguno,Madrid,25-39,4,Lidl,TAR,64.79
915979,Femenino,1990.0,3,0,Ninguno,Madrid,25-39,1,Lupa,TAR,19.98
915996,No Binario,1957.0,3,0,Ninguno,Madrid,55-75,2,Dia,EFE,9.19
921029,Femenino,2004.0,2,2,Ninguno,Madrid,15-24,9,Mercadona,TAR,64.94
921549,Femenino,1999.0,2,2,Otros,Madrid,15-24,1,Mercadona,TAR,11.91
921620,Femenino,1985.0,1,0,Ninguno,Madrid,25-39,4,Mercadona,TAR,54.19
921623,Masculino,1999.0,3,0,Ninguno,Madrid,15-24,1,Dia,TAR,15.479999999999999
923947,Masculino,1974.0,2,1,Ninguno,Madrid,40-54,4,Lidl,TAR,100.17999999999999
927838,Femenino,1986.0,1,0,Ninguno,Madrid,25-39,1,El Corte Ingles,TAR,2.07
935254,No Binario,1985.0,2,2,Ninguno,Madrid,25-39,10,El Corte Ingles,TAR,166.52
938115,Femenino,,0,0,Ninguno,Madrid,Otros,3,Hipercor,TAR,17.15
942130,Femenino,1985.0,2,1,Ninguno,Madrid,25-39,4,Ahorramas,EFE,42.32
947334,Femenino,1974.0,2,0,Ninguno,Madrid,40-54,26,Alcampo,TAR,219.63
950512,Masculino,1985.0,2,0,Ninguno,Madrid,25-39,4,Lidl,EFE,47.910000000000004
951894,No Binario,1977.0,2,0,Ninguno,Madrid,40-54,19,Carrefour,EFE,144.08
952830,No Binario,1973.0,2,0,Gato,Madrid,40-54,5,Lidl,DES,51.15
965885,No Binario,1991.0,2,0,Ninguno,Madrid,25-39,6,Alcampo,TAR,112.23
969490,No Binario,1972.0,1,0,Ninguno,Madrid,40-54,17,Alcampo,TAR,178.21
970717,Femenino,1987.0,2,0,Otros,Madrid,25-39,1,Alcampo,DES,3.8499999999999996
973096,Femenino,1987.0,1,0,Ninguno,Madrid,25-39,9,Lidl,TAR,130.59
983789,No Binario,1983.0,2,0,Ninguno,Madrid,25-39,1,Dia,TAR,7.529999999999999
992933,Femenino,1969.0,1,1,Ninguno,Madrid,40-54,4,Ahorramas,TAR,59.68
995893,No Binario,1973.0,1,0,Ninguno,Madrid,40-54,3,Mercadona,EFE,100.42
1001586,Femenino,1982.0,1,0,Ninguno,Madrid,40-54,1,Mercadona,EFE,37.21
1003418,No Binario,1969.0,2,2,Ninguno,Madrid,40-54,6,Ahorramas,TAR,67.18
1005751,No Binario,1971.0,1,0,Ninguno,Madrid,40-54,8,El Corte Ingles,TAR,104.98
1005967,No Binario,1971.0,2,0,Ninguno,Madrid,40-54,1,Carrefour,TAR,8.98
1010126,No Binario,1978.0,1,0,Ninguno,Madrid,40-54,2,Alcampo,DES,73.29
1014586,Femenino,1988.0,2,0,Ninguno,Madrid,25-39,1,Ahorramas,EFE,15.77
1018538,No Binario,1980.0,2,0,Gato,Madrid,40-54,44,Lidl,TAR,437.0
1023236,No Binario,2000.0,2,2,Ninguno,Madrid,15-24,1,La Plaza De Dia,EFE,3.53
1025030,Femenino,1966.0,2,0,Gato,Madrid,55-75,28,Lidl,TAR,144.09
1028126,No Binario,1985.0,2,0,Ninguno,Madrid,25-39,1,Ahorramas,TAR,38.18
1028980,No Binario,1981.0,2,0,Ninguno,Madrid,40-54,20,Carrefour,TAR,170.07
1029847,Femenino,1993.0,1,0,Ninguno,Madrid,25-39,6,Mercadona,EFE,123.14
1031730,No Binario,2000.0,4,0,Ninguno,Madrid,15-24,1,Alcampo,TAR,5.58
1033159,No Binario,1983.0,2,3,Perro,Madrid,25-39,31,Carrefour,TAR,509.89
1033673,No Binario,1999.0,1,0,Ninguno,Madrid,15-24,4,Mercadona,TAR,161.76
1035174,No Binario,1998.0,1,0,Ninguno,Madrid,15-24,3,Mercadona,TAR,11.76
1042446,Femenino,1983.0,1,0,Ninguno,Madrid,25-39,8,Ahorramas,EFE,332.93
1044360,Femenino,1987.0,1,0,Ninguno,Madrid,25-39,1,Bm,TAR,12.9
1049920,Femenino,1982.0,2,0,Gato,Madrid,40-54,2,Mercadona,TAR,159.4
1053972,Femenino,1982.0,2,2,Ninguno,Madrid,40-54,2,Ahorramas,EFE,16.26
1055279,Femenino,1981.0,1,0,Ninguno,Madrid,40-54,1,Carrefour,TAR,6.67
1056177,No Binario,1996.0,1,0,Ninguno,Madrid,25-39,6,Eroski,EFE,202.38
1062736,Femenino,1992.0,2,0,Ninguno,Madrid,25-39,1,Hipercor,TAR,22.42
1064224,Femenino,1993.0,1,0,Perro,Madrid,25-39,1,Alcampo,TAR,0.64
1073230,Femenino,1984.0,2,2,Ninguno,Madrid,25-39,9,Lidl,TAR,74.67
1087050,Femenino,1986.0,1,0,Ninguno,Madrid,25-39,32,El Corte Ingles,TAR,538.13
1089052,No Binario,1989.0,1,0,Ninguno,Madrid,25-39,1,Lidl,TAR,20.02
1098804,No Binario,1984.0,2,0,Otros,Madrid,25-39,15,Alcampo,TAR,278.88
1101089,No Binario,1989.0,2,0,Ninguno,Madrid,25-39,3,Carrefour,TAR,66.12
1102210,No Binario,1983.0,1,1,Perro,Madrid,25-39,3,Carrefour,TAR,116.12
1103212,No Binario,1996.0,2,0,Gato,Madrid,25-39,1,Dia,TAR,17.8
1106559,No Binario,,1,0,Ninguno,Madrid,Otros,1,Dia,EFE,0.4
1112243,Femenino,1996.0,1,0,Ninguno,Madrid,25-39,1,Mercadona,TAR,24.41
1113604,Femenino,1970.0,2,0,Ninguno,Madrid,40-54,3,Carrefour,TAR,26.1
1115187,No Binario,1996.0,4,0,Ninguno,Madrid,25-39,1,Dia,TAR,16.34
1121047,Otro,1986.0,2,0,Gato,Madrid,25-39,1,Ahorramas,TAR,12.85
1122521,Femenino,1984.0,1,0,Ninguno,Madrid,25-39,1,Mercadona,TAR,28.47
1125924,No Binario,1968.0,4,0,Ninguno,Madrid,40-54,1,Ahorramas,EFE,157.72
1126056,Femenino,1981.0,2,0,Ninguno,Madrid,40-54,2,Carrefour,TAR,64.33
1127665,No Binario,1991.0,1,0,Perro,Madrid,25-39,10,Carrefour,TAR,65.4
1139340,No Binario,1993.0,1,0,Perro,Madrid,25-39,2,Mercadona,TAR,57.36
1140038,Femenino,2002.0,2,0,Gato,Madrid,15-24,11,Carrefour,EFE,66.5
1140330,Femenino,1964.0,2,0,Ninguno,Madrid,55-75,16,Carrefour,EFE,96.96
1140765,Femenino,1994.0,2,0,Ninguno,Madrid,25-39,1,Alimerka,EFE,14.290000000000001
1142513,No Binario,1967.0,2,2,Otros,Madrid,55-75,2,Carrefour,TAR,37.37
1142936,Femenino,1998.0,4,0,Otros,Madrid,15-24,1,Ahorramas,TAR,19.69
1156684,No Binario,1986.0,5,1,Perro,Madrid,25-39,2,Alcampo,DES,10.38
1159242,No Binario,1993.0,2,0,Ninguno,Madrid,25-39,1,Lidl,TAR,16.17
1163035,No Binario,1981.0,2,0,Gato,Madrid,40-54,6,Ahorramas,TAR,84.32
1173842,No Binario,1978.0,2,2,Perro,Madrid,40-54,26,Alcampo,TAR,496.82
1175048,No Binario,1998.0,4,0,Ninguno,Madrid,15-24,3,Lidl,TAR,46.14
1182335,Femenino,1968.0,2,2,Ninguno,Madrid,40-54,1,Cash,TAR,52.28
1186659,Masculino,1991.0,1,0,Ninguno,Madrid,25-39,4,Carrefour,EFE,119.12
1188152,Femenino,1965.0,1,0,Ninguno,Madrid,55-75,5,Mercadona,TAR,176.81
1189512,Femenino,1983.0,2,0,Gato,Madrid,25-39,1,Mercadona,TAR,8.45
1194300,No Binario,1998.0,2,0,Ninguno,Madrid,15-24,1,Mercadona,TAR,36.11
1195421,No Binario,1964.0,2,0,Gato,Madrid,55-75,18,Carrefour,EFE,185.35
1198067,No Binario,1981.0,1,0,Gato,Madrid,40-54,1,Dia,TAR,1.99
1217828,No Binario,1997.0,1,0,Ninguno,Madrid,25-39,8,Mercadona,EFE,489.05
1221785,Femenino,1991.0,1,0,Ninguno,Madrid,25-39,3,Supercor,TAR,6.77
1237591,No Binario,1995.0,1,0,Ninguno,Madrid,25-39,4,Mercadona,TAR,419.45
1238450,Femenino,1964.0,2,0,Ninguno,Madrid,55-75,10,Carrefour,EFE,46.25
1243191,No Binario,1992.0,2,0,Gato,Madrid,25-39,3,Supercor,TAR,50.05
1251566,No Binario,1994.0,2,0,Perro,Madrid,25-39,2,Supercor,TAR,129.54
1255777,Femenino,1991.0,1,0,Ninguno,Madrid,25-39,2,Carrefour,TAR,16.16
1256565,No Binario,2001.0,3,0,Ninguno,Madrid,15-24,2,Mercadona,TAR,51.08
1284506,Masculino,1991.0,2,0,Ninguno,Madrid,25-39,1,Supercor,TAR,4.16
1303091,Femenino,1985.0,2,0,Perro,Madrid,25-39,7,Carrefour,TAR,120.25
1373071,No Binario,2001.0,1,0,Gato,Madrid,15-24,1,Dia,TAR,1.26
1456451,No Binario,1996.0,2,0,Perro,Madrid,25-39,4,Mercadona,EFE,185.02
1517206,No Binario,2000.0,3,0,Ninguno,Madrid,15-24,1,Carrefour,TAR,2.92
1584331,No Binario,1972.0,2,0,Ninguno,Madrid,40-54,50,Carrefour,TAR,461.96000000000004
1622466,No Binario,1996.0,4,0,Perro,Madrid,25-39,2,Mercadona,TAR,25.79
1626571,No Binario,1988.0,2,0,Gato,Madrid,25-39,3,Carrefour,TAR,46.31
1744211,No Binario,1967.0,3,0,Ninguno,Madrid,55-75,9,Alcampo,TAR,325.76
1769301,Femenino,1978.0,1,0,Gato,Madrid,40-54,3,Lidl,TAR,86.34
1776886,Femenino,1978.0,2,3,Perro,Madrid,40-54,36,Lidl,TAR,521.18
1833386,Femenino,1970.0,1,0,Ninguno,Madrid,40-54,4,Carrefour,EFE,41.96
1834171,Otro,1980.0,1,0,Ninguno,Madrid,40-54,1,Bm,EFE,2.36
1840286,No Binario,1990.0,2,0,Ninguno,Madrid,25-39,4,La Plaza De Dia,TAR,26.25
1846261,No Binario,1999.0,1,0,Ninguno,Madrid,15-24,1,Dia,TAR,14.95
1869901,Femenino,1997.0,4,0,Ninguno,Madrid,25-39,2,Lidl,TAR,15.58
1874371,No Binario,1989.0,2,0,Ninguno,Madrid,25-39,1,Dia,TAR,14.34
1910656,No Binario,1986.0,1,0,Ninguno,Madrid,25-39,1,Carrefour,TAR,8.32
1912406,No Binario,1984.0,2,2,Ninguno,Madrid,25-39,1,Mercadona,TAR,12.15
1929501,No Binario,1990.0,1,0,Ninguno,Madrid,25-39,1,Lidl,TAR,9.43
1948456,Femenino,1964.0,1,0,Ninguno,Madrid,55-75,10,Carrefour,EFE,93.37
1948616,Femenino,1963.0,1,0,Ninguno,Madrid,55-75,9,Carrefour,EFE,105.16
1961176,No Binario,2001.0,2,0,Perro,Madrid,15-24,2,Carrefour,TAR,73.13
1991031,No Binario,1993.0,2,0,Perro,Madrid,25-39,1,Mercadona,TAR,93.82000000000001
2025971,No Binario,1992.0,2,0,Ninguno,Madrid,25-39,2,Lidl,TAR,137.1
2030261,No Binario,1991.0,1,0,Perro,Madrid,25-39,2,Carrefour,TAR,16.75
2050946,Femenino,1966.0,2,1,Ninguno,Madrid,55-75,12,Dia,TAR,183.9
2085916,Femenino,1988.0,1,0,Ninguno,Madrid,25-39,1,Ahorramas,TAR,25.34
2091106,Femenino,1988.0,1,0,Ninguno,Madrid,25-39,3,Mercadona,TAR,92.88
2148596,No Binario,1995.0,2,0,Ninguno,Madrid,25-39,2,Alcampo,TAR,137.68
2152381,Femenino,1988.0,2,0,Perro,Madrid,25-39,1,Carrefour,TAR,37.39
2179721,No Binario,2000.0,1,0,Ninguno,Madrid,15-24,1,La Plaza De Dia,TAR,17.04
2181026,No Binario,2001.0,4,0,Ninguno,Madrid,15-24,2,Mercadona,EFE,18.87
2211439,No Binario,1985.0,2,2,Perro,Madrid,25-39,1,Lidl,EFE,9.03
2226062,No Binario,1998.0,4,0,Perro,Madrid,15-24,3,El Corte Ingles,EFE,596.64
2228148,No Binario,1993.0,2,0,Ninguno,Madrid,25-39,1,Coviran,EFE,18.8
2228386,No Binario,1969.0,3,0,Ninguno,Madrid,40-54,1,Aldi,TAR,51.010000000000005
2236779,Femenino,1971.0,2,2,Perro,Madrid,40-54,1,Lidl,TAR,6.38
2245172,Femenino,1988.0,2,0,Ninguno,Madrid,25-39,1,Carrefour,TAR,13.84
2265171,Femenino,1992.0,2,1,Gato,Madrid,25-39,3,Hipercor,TAR,215.57
2283924,No Binario,1975.0,3,2,Perro,Madrid,40-54,1,Mercadona,TAR,212.48
2305393,Femenino,1995.0,1,0,Otros,Madrid,25-39,2,Mercadona,TAR,122.73
2343949,Femenino,1990.0,2,0,Ninguno,Madrid,25-39,7,Carrefour,TAR,70.88
2388406,Femenino,1994.0,2,0,Ninguno,Madrid,25-39,2,Mercadona,TAR,107.62
2396274,No Binario,1996.0,2,0,Ninguno,Madrid,25-39,1,Mercadona,TAR,4.88
2402063,No Binario,1991.0,1,0,Ninguno,Madrid,25-39,1,Ahorramas,EFE,15.14
2406053,Femenino,1988.0,2,0,Perro,Madrid,25-39,4,Carrefour,TAR,73.21
2421670,No Binario,2000.0,4,0,Perro,Madrid,15-24,1,Mercadona,TAR,27.29
2431883,Femenino,1990.0,1,0,Ninguno,Madrid,25-39,1,Hipercor,TAR,29.83
2481752,No Binario,1991.0,4,0,Ninguno,Madrid,25-39,15,Alcampo,EFE,125.78
2482200,Femenino,,1,0,Ninguno,Madrid,Otros,7,Alcampo,TAR,156.41
2498838,No Binario,1995.0,2,0,Ninguno,Madrid,25-39,1,Lidl,TAR,46.22
2505744,No Binario,1990.0,2,0,Ninguno,Madrid,25-39,1,Mercadona,TAR,19.4
2513628,Femenino,1986.0,1,0,Ninguno,Madrid,25-39,1,La Plaza De Dia,TAR,19.009999999999998
2527704,Femenino,1980.0,1,0,Ninguno,Madrid,40-54,1,Dia,TAR,5.34
2535474,No Binario,1970.0,1,0,Ninguno,Madrid,40-54,3,Supercor,TAR,104.71
2582330,Femenino,1975.0,2,0,Perro,Madrid,40-54,6,Supercor,EFE,142.72
2598480,No Binario,1992.0,2,0,Perro,Madrid,25-39,1,Alcampo,TAR,71.3
2609385,Femenino,2002.0,1,0,Ninguno,Madrid,15-24,1,Carrefour,EFE,31.57
2621290,No Binario,1989.0,1,0,Ninguno,Madrid,25-39,1,Mercadona,TAR,15.74
2625170,No Binario,1984.0,2,0,Ninguno,Madrid,25-39,30,Carrefour,TAR,426.41
2625495,No Binario,1987.0,1,0,Ninguno,Madrid,25-39,4,Mercadona,TAR,47.79
2627030,No Binario,1978.0,4,0,Ninguno,Madrid,40-54,7,Mercadona,EFE,548.14
2649850,No Binario,1990.0,2,0,Ninguno,Madrid,25-39,6,Bonpreu,TAR,208.95
2666025,No Binario,1987.0,2,2,Ninguno,Madrid,25-39,4,Carrefour,TAR,41.050000000000004
2669720,Femenino,1982.0,1,0,Ninguno,Madrid,40-54,36,El Corte Ingles,TAR,406.76
2675100,No Binario,1979.0,2,2,Ninguno,Madrid,40-54,1,Mercadona,TAR,40.61
2694175,Femenino,,1,0,Ninguno,Madrid,Otros,1,Mercadona,TAR,14.469999999999999
2699685,No Binario,1992.0,1,0,Ninguno,Madrid,25-39,1,Mercadona,TAR,58.14
2700235,Femenino,1967.0,2,0,Perro,Madrid,55-75,4,Mercadona,TAR,328.16
2704680,No Binario,1997.0,2,0,Ninguno,Madrid,25-39,2,Mercadona,TAR,36.29
2722835,No Binario,1994.0,1,0,Ninguno,Madrid,25-39,2,Mercadona,TAR,82.89999999999999
2726110,Femenino,1982.0,1,0,Perro,Madrid,40-54,4,Eroski City,TAR,227.87
2731590,No Binario,1997.0,2,0,Ninguno,Madrid,25-39,9,Ahorramas,TAR,324.62
2732130,No Binario,1992.0,1,0,Ninguno,Madrid,25-39,1,Carrefour,EFE,39.84
2765825,No Binario,1989.0,1,0,Perro,Madrid,25-39,3,Bm,EFE,48.32
2769005,Femenino,1994.0,2,0,Ninguno,Madrid,25-39,1,El Corte Ingles,TAR,13.65
2811050,No Binario,1986.0,1,0,Ninguno,Madrid,25-39,1,Supeco,TAR,0.65
2813775,Femenino,1990.0,2,0,Ninguno,Madrid,25-39,3,Lidl,TAR,37.61
2854805,Femenino,1981.0,1,0,Ninguno,Madrid,40-54,2,Dia,TAR,10.32
2893765,Femenino,1988.0,1,0,Otros,Madrid,25-39,4,Carrefour,TAR,77.56
2898660,Femenino,1970.0,2,0,Gato,Madrid,40-54,1,Hipercor,TAR,26.04
2930125,Femenino,1982.0,2,0,Ninguno,Madrid,40-54,1,Carrefour,EFE,87.59
2935635,No Binario,1990.0,2,2,Gato,Madrid,25-39,1,Mercadona,TAR,26.95
2938745,No Binario,2000.0,1,0,Ninguno,Madrid,15-24,1,Eroski City,TAR,81.19
2939665,Femenino,2002.0,1,0,Ninguno,Madrid,15-24,1,Mercadona,TAR,18.81
2958365,No Binario,1973.0,2,1,Ninguno,Madrid,40-54,2,Alcampo,TAR,115.63
2975315,Femenino,1992.0,1,0,Ninguno,Madrid,25-39,1,Carrefour Express,TAR,14.100000000000001
3009297,No Binario,1994.0,1,0,Ninguno,Madrid,25-39,1,Carrefour,TAR,14.08
3020132,No Binario,1973.0,5,0,Ninguno,Madrid,40-54,2,Carrefour,TAR,19.740000000000002
3063592,No Binario,1996.0,1,0,Ninguno,Madrid,25-39,2,La Plaza De Dia,TAR,9.26
3065782,Femenino,1995.0,4,0,Ninguno,Madrid,25-39,3,Mercadona,TAR,108.07000000000001
3078717,No Binario,1964.0,2,0,Ninguno,Madrid,55-75,3,Alcampo,TAR,138.45
3121647,No Binario,1989.0,1,0,Ninguno,Madrid,25-39,1,Bm,TAR,2.46
3123492,Femenino,2001.0,1,0,Ninguno,Madrid,15-24,1,Bm,TAR,5.99
3141982,Masculino,1990.0,1,0,Ninguno,Madrid,25-39,2,Carrefour,EFE,10.77
3142487,No Binario,1992.0,1,0,Ninguno,Madrid,25-39,1,Ahorramas,TAR,22.85
3153332,Femenino,1997.0,1,0,Ninguno,Madrid,25-39,1,Carrefour Express,TAR,17.51
3153347,No Binario,2000.0,1,0,Ninguno,Madrid,15-24,2,Mercadona,TAR,29.04
3154232,No Binario,1994.0,2,0,Ninguno,Madrid,25-39,5,Dia,TAR,167.25
3189562,No Binario,1980.0,1,0,Perro,Madrid,40-54,4,La Plaza De Dia,TAR,58.08
3198827,No Binario,1993.0,2,0,Ninguno,Madrid,25-39,3,Carrefour Express,TAR,73.8
3213772,Femenino,1990.0,2,0,Ninguno,Madrid,25-39,2,Mercadona,TAR,14.75
3236722,No Binario,1996.0,1,0,Ninguno,Madrid,25-39,2,Carrefour,TAR,34.06
3250177,Femenino,2000.0,4,0,Ninguno,Madrid,15-24,2,Alcampo,TAR,16.25
3266742,Femenino,2002.0,1,0,Otros,Madrid,15-24,2,Mercadona,TAR,216.08
3272612,Femenino,1963.0,1,0,Gato,Madrid,55-75,3,Ahorramas,EFE,18.97
3273292,Femenino,1999.0,2,0,Ninguno,Madrid,15-24,1,El Corte Ingles,EFE,12.25
3285947,No Binario,,1,0,Ninguno,Madrid,Otros,2,Lidl,TAR,20.56
3290822,No Binario,1988.0,2,1,Gato,Madrid,25-39,1,Carrefour,TAR,17.68
3296297,Femenino,2003.0,1,0,Ninguno,Madrid,15-24,1,Mercadona,TAR,51.22
3309347,No Binario,1992.0,1,0,Ninguno,Madrid,25-39,1,Mercadona,TAR,52.36
3318342,Femenino,1991.0,2,0,Ninguno,Madrid,25-39,2,Ahorramas,TAR,30.45
3319552,Femenino,1973.0,1,0,Ninguno,Madrid,40-54,2,Hipercor,DES,159.82
3325097,No Binario,1995.0,1,0,Ninguno,Madrid,25-39,1,Ahorramas,EFE,36.32
3333312,No Binario,1999.0,1,0,Ninguno,Madrid,15-24,1,Consum,TAR,39.73
3349592,Femenino,1973.0,2,0,Ninguno,Madrid,40-54,1,Carrefour,TAR,12.58
3359697,Femenino,1974.0,2,2,Ninguno,Madrid,40-54,2,Mercadona,TAR,152.81
3387727,No Binario,1975.0,4,0,Ninguno,Madrid,40-54,6,Mercadona,TAR,158.76
3404547,No Binario,1987.0,1,0,Ninguno,Madrid,25-39,1,Gadis,TAR,33.72
3406197,Femenino,1990.0,1,0,Ninguno,Madrid,25-39,3,Mercadona,TAR,25.46
3426372,No Binario,1994.0,2,0,Ninguno,Madrid,25-39,1,Mercadona,TAR,15.43
3430042,Femenino,1987.0,3,0,Ninguno,Madrid,25-39,4,Alcampo,TAR,82.97
3438832,No Binario,1999.0,1,0,Ninguno,Madrid,15-24,2,Mercadona,TAR,19.91
3442717,No Binario,1997.0,1,0,Ninguno,Madrid,25-39,1,Carrefour,TAR,4.48
3462147,Otro,1993.0,2,0,Ninguno,Madrid,25-39,1,Suma Supermercados,EFE,9.48
3463597,Masculino,,1,0,Ninguno,Madrid,Otros,3,Ahorramas,TAR,41.800000000000004
3467772,No Binario,1964.0,2,1,Ninguno,Madrid,55-75,7,Dia,TAR,98.07000000000001
3477432,Masculino,1996.0,0,0,Ninguno,Madrid,25-39,2,Carrefour,TAR,9.56
3493842,No Binario,1993.0,3,0,Ninguno,Madrid,25-39,7,Mercadona,TAR,381.28000000000003
3524337,No Binario,1985.0,2,2,Ninguno,Madrid,25-39,2,Mercadona,TAR,87.29
3531597,No Binario,1985.0,2,0,Ninguno,Madrid,25-39,1,Alcampo,TAR,2.77
3533527,Femenino,1998.0,2,2,Ninguno,Madrid,15-24,1,Carrefour,TAR,21.78
3539272,No Binario,1987.0,1,0,Ninguno,Madrid,25-39,8,Hipercor,TAR,88.35
3556197,Femenino,1984.0,1,1,Ninguno,Madrid,25-39,3,Mercadona,TAR,41.22
3570197,Femenino,1965.0,1,0,Ninguno,Madrid,55-75,7,Carrefour,EFE,33.86
3570287,Femenino,1960.0,1,0,Ninguno,Madrid,55-75,8,Carrefour,EFE,39.85
3570527,No Binario,1982.0,2,1,Ninguno,Madrid,40-54,3,Mercadona,TAR,104.94
3573897,No Binario,1993.0,2,0,Gato,Madrid,25-39,1,Dia,TAR,20.88
3588022,No Binario,1993.0,2,0,Perro,Madrid,25-39,2,Mercadona,TAR,13.32
3632765,No Binario,1990.0,1,0,Ninguno,Madrid,25-39,9,Mercadona,TAR,223.28
3655110,No Binario,1990.0,2,0,Ninguno,Madrid,25-39,1,Bm,TAR,8.379999999999999
3665080,Femenino,1991.0,2,0,Ninguno,Madrid,25-39,2,Dia,TAR,7.0200000000000005
3676554,Otro,1989.0,5,0,Ninguno,Madrid,25-39,1,El Corte Ingles,TAR,11.99
3677127,No Binario,1988.0,2,1,Ninguno,Madrid,25-39,4,Ahorramas,TAR,137.33
3685046,No Binario,1978.0,2,0,Ninguno,Madrid,40-54,10,La Plaza De Dia,TAR,78.13
3685553,Femenino,1991.0,2,0,Perro,Madrid,25-39,1,Supercor,TAR,5.609999999999999
3687580,No Binario,1989.0,2,0,Ninguno,Madrid,25-39,1,Dia,TAR,2.24
3689539,Femenino,1992.0,3,0,Ninguno,Madrid,25-39,1,Bm,TAR,4.44
3691360,Femenino,1968.0,1,0,Ninguno,Madrid,40-54,6,Carrefour,EFE,17.22
3691381,Femenino,2001.0,1,0,Ninguno,Madrid,15-24,10,Carrefour,EFE,85.28999999999999
3691555,No Binario,1993.0,2,0,Ninguno,Madrid,25-39,3,Alcampo,TAR,15.67
3694288,No Binario,1998.0,1,0,Ninguno,Madrid,15-24,1,Dia,TAR,9.15
3695536,No Binario,1994.0,4,0,Perro,Madrid,25-39,2,Carrefour,TAR,28.16
3696610,Femenino,1996.0,2,0,Ninguno,Madrid,25-39,1,Carrefour,TAR,10.2
3697087,No Binario,1998.0,1,0,Ninguno,Madrid,15-24,2,Dia,EFE,15.68
3698248,Femenino,1983.0,1,0,Ninguno,Madrid,25-39,2,Carrefour,EFE,23.15
3699748,Femenino,1987.0,1,0,Ninguno,Madrid,25-39,4,Supercor,TAR,64.42
3701098,Masculino,,1,0,Ninguno,Madrid,Otros,2,Mercadona,TAR,43.24
3704548,No Binario,1994.0,4,0,Ninguno,Madrid,25-39,3,Bm,TAR,87.17
3704842,No Binario,1991.0,1,0,Ninguno,Madrid,25-39,1,Mercadona,TAR,84.85
3705415,Femenino,1994.0,2,0,Ninguno,Madrid,25-39,2,Carrefour,TAR,42.22
3707905,Femenino,1981.0,2,2,Ninguno,Madrid,40-54,4,Mercadona,EFE,120.1
3708844,Femenino,2001.0,3,0,Ninguno,Madrid,15-24,1,Lidl,EFE,1.4
3709378,Masculino,,1,0,Ninguno,Madrid,Otros,2,Dia,DES,2.3
3710071,Otro,2000.0,2,0,Ninguno,Madrid,15-24,7,Dia,TAR,97.18
3711829,Femenino,,1,0,Ninguno,Madrid,Otros,6,Mercadona,TAR,51.79
3713158,No Binario,1989.0,1,0,Ninguno,Madrid,25-39,3,Mercadona,EFE,187.63
3713656,Femenino,2001.0,1,0,Ninguno,Madrid,15-24,3,Mercadona,EFE,82.01
3713806,No Binario,1998.0,1,0,Ninguno,Madrid,15-24,1,Mercadona,TAR,38.44
3714226,Femenino,1994.0,2,0,Ninguno,Madrid,25-39,1,Lidl,TAR,9.37
3714721,No Binario,1992.0,2,0,Gato,Madrid,25-39,1,Lidl,EFE,9.08
3718945,Otro,2000.0,3,0,Gato,Madrid,15-24,4,Dia,TAR,51.88
3720733,Femenino,1992.0,1,0,Ninguno,Madrid,25-39,5,Mercadona,TAR,191.84
3721135,No Binario,1981.0,1,0,Ninguno,Madrid,40-54,2,Carrefour,TAR,39.980000000000004
3721138,No Binario,1990.0,1,0,Ninguno,Madrid,25-39,1,Lidl,TAR,3.11
3721642,Femenino,2003.0,1,0,Ninguno,Madrid,15-24,2,Mercadona,EFE,97.25
3722611,No Binario,2001.0,2,0,Ninguno,Madrid,15-24,1,Lidl,TAR,54.33
3724078,No Binario,1997.0,3,0,Ninguno,Madrid,25-39,1,Mercadona,TAR,14.4
3724381,Femenino,1985.0,1,0,Perro,Madrid,25-39,1,Eroski City,TAR,11.4
3726979,Femenino,1979.0,2,1,Ninguno,Madrid,40-54,3,Mercadona,TAR,71.8
3728236,Femenino,1988.0,1,0,Ninguno,Madrid,25-39,1,Mercadona,TAR,22.09
3729133,No Binario,1963.0,2,2,Ninguno,Madrid,55-75,1,Dia,DES,2.53
3729361,No Binario,1992.0,2,2,Otros,Madrid,25-39,12,Coviran,EFE,345.54
3731740,No Binario,1998.0,4,0,Ninguno,Madrid,15-24,1,Mercadona,TAR,9.01
3731863,Masculino,,1,0,Ninguno,Madrid,Otros,1,Alcampo,TAR,2.18
3732022,Masculino,,1,0,Ninguno,Madrid,Otros,1,Hipercor,TAR,0.59
3732871,Femenino,,1,0,Ninguno,Madrid,Otros,1,Mercadona,TAR,1.95
3732973,Masculino,,1,0,Ninguno,Madrid,Otros,1,Dia,DES,14.8
3732997,Masculino,,1,0,Ninguno,Madrid,Otros,2,Mercadona,EFE,51.730000000000004
3733012,Masculino,,1,0,Ninguno,Madrid,Otros,1,Lidl,TAR,53.6
3734161,Masculino,,1,0,Ninguno,Madrid,Otros,2,Ahorramas,EFE,9.16
3734326,Masculino,,1,0,Ninguno,Madrid,Otros,1,Lidl,EFE,1.15
3737215,Femenino,1990.0,1,0,Ninguno,Madrid,25-39,1,Lidl,TAR,0.57
3737248,No Binario,1991.0,1,0,Otros,Madrid,25-39,1,Lidl,TAR,3.11
3737278,Femenino,1961.0,1,0,Ninguno,Madrid,55-75,1,Lidl,TAR,2.64
3737635,No Binario,,1,0,Ninguno,Madrid,Otros,2,Otros,EFE,3.2700000000000005
3740296,No Binario,1965.0,4,0,Perro,Madrid,55-75,1,Lidl,EFE,8.0
3740551,Femenino,1993.0,2,0,Perro,Madrid,25-39,2,Carrefour,TAR,96.7
3742708,No Binario,1997.0,2,0,Ninguno,Madrid,25-39,2,La Plaza De Dia,EFE,11.17
3746563,Femenino,2004.0,1,0,Ninguno,Madrid,15-24,3,Lidl,EFE,28.53
3748933,No Binario,2002.0,1,0,Ninguno,Madrid,15-24,1,Mercadona,TAR,10.16
3749044,Masculino,,1,0,Ninguno,Madrid,Otros,2,Ahorramas,EFE,6.87
3750058,Femenino,1988.0,1,0,Ninguno,Madrid,25-39,1,Carrefour,EFE,0.98
3753274,No Binario,1997.0,2,0,Ninguno,Madrid,25-39,1,Carrefour,TAR,13.86
3755731,Femenino,1977.0,1,0,Ninguno,Madrid,40-54,5,Ahorramas,EFE,150.69
3757354,No Binario,1996.0,2,0,Perro,Madrid,25-39,3,Mercadona,TAR,19.2
3758356,Masculino,,1,0,Ninguno,Madrid,Otros,2,Carrefour,TAR,7.11
3758653,Femenino,1991.0,2,0,Gato,Madrid,25-39,6,Alcampo,TAR,133.93
3759034,Masculino,,1,0,Ninguno,Madrid,Otros,1,Carrefour,TAR,3.09
3759097,Masculino,,1,0,Ninguno,Madrid,Otros,2,Ahorramas,EFE,6.5
3759187,Masculino,,1,0,Ninguno,Madrid,Otros,2,Mercadona,TAR,41.61
3759322,Masculino,,1,0,Ninguno,Madrid,Otros,1,Mercadona,EFE,30.75
3761113,Masculino,,1,0,Ninguno,Madrid,Otros,2,Mercadona,TAR,5.22
3762784,Masculino,,1,0,Ninguno,Madrid,Otros,2,Ahorramas,EFE,10.84
3766993,Femenino,2002.0,1,0,Otros,Madrid,15-24,1,El Corte Ingles,TAR,6.03
3769471,Femenino,1979.0,1,0,Ninguno,Madrid,40-54,3,Mercadona,EFE,20.87
3771676,Masculino,,1,0,Ninguno,Madrid,Otros,1,Mercadona,EFE,5.12
3780154,Femenino,1972.0,2,1,Ninguno,Madrid,40-54,2,Carrefour,TAR,12.66
3784933,No Binario,1967.0,2,2,Perro,Madrid,55-75,2,Dia,TAR,12.219999999999999
3789652,Femenino,1979.0,1,0,Ninguno,Madrid,40-54,1,Carrefour,TAR,9.71
3790249,No Binario,1998.0,2,0,Perro,Madrid,15-24,4,Dia,TAR,21.72
3790369,No Binario,1980.0,1,2,Ninguno,Madrid,40-54,1,Lidl,EFE,63.82
3790783,No Binario,1987.0,2,0,Ninguno,Madrid,25-39,1,Mercadona,TAR,23.11
3794515,Femenino,1996.0,2,0,Perro,Madrid,25-39,1,Otros,EFE,17.650000000000002
3796750,Masculino,,1,0,Ninguno,Madrid,Otros,1,Ahorramas,EFE,10.040000000000001
3799777,Masculino,,1,0,Ninguno,Madrid,Otros,2,Mercadona,EFE,4.51
3801589,No Binario,1993.0,2,0,Gato,Madrid,25-39,2,Alcampo,TAR,41.4
3804066,Masculino,,1,0,Ninguno,Madrid,Otros,2,Mercadona,EFE,19.1
3804816,Femenino,1992.0,2,0,Ninguno,Madrid,25-39,1,Lidl,TAR,23.88
3806124,Masculino,,1,0,Ninguno,Madrid,Otros,1,Mercadona,TAR,5.4
3806133,Masculino,,1,0,Ninguno,Madrid,Otros,1,Ahorramas,EFE,5.04
3806322,No Binario,,1,0,Ninguno,Madrid,Otros,2,Mercadona,TAR,2.4800000000000004
3810901,No Binario,1980.0,2,1,Otros,Madrid,40-54,2,Mercadona,TAR,20.29
3812461,No Binario,1989.0,2,0,Otros,Madrid,25-39,1,Spar,TAR,52.28
3814105,No Binario,1992.0,1,0,Ninguno,Madrid,25-39,2,Ahorramas,TAR,69.62
3881740,Femenino,1987.0,2,3,Perro,Madrid,25-39,1,Alcampo,TAR,103.33
3907969,Masculino,,1,0,Ninguno,Madrid,Otros,1,Lidl,TAR,12.85
3910657,Masculino,,1,0,Ninguno,Madrid,Otros,1,Mercadona,TAR,13.450000000000001
3913276,No Binario,1994.0,2,0,Ninguno,Madrid,25-39,1,Mercadona,TAR,92.7
4366833,Masculino,,1,0,Ninguno,Madrid,Otros,1,Cash,DES,18.9
